model,parameter,train,test,ngrams
ridge,0.01,0.9958677685950413,0.6016483516483516,"(1, 1)"
ridge,0.1,0.9958677685950413,0.6758241758241759,"(1, 1)"
ridge,1,0.9931129476584022,0.7005494505494505,"(1, 1)"
ridge,5,0.959366391184573,0.728021978021978,"(1, 1)"
ridge,10,0.9146005509641874,0.739010989010989,"(1, 1)"
ridge,20,0.8353994490358126,0.7445054945054945,"(1, 1)"
knn,1,0.9951790633608816,0.4010989010989011,"(1, 1)"
knn,2,0.9111570247933884,0.728021978021978,"(1, 1)"
knn,3,0.9173553719008265,0.7225274725274725,"(1, 1)"
knn,4,0.7589531680440771,0.7197802197802198,"(1, 1)"
knn,5,0.7851239669421488,0.7142857142857143,"(1, 1)"
knn,6,0.7548209366391184,0.7197802197802198,"(1, 1)"
knn,7,0.7630853994490359,0.7252747252747253,"(1, 1)"
dtree,50,0.8657024793388429,0.7115384615384616,"(1, 1)"
dtree,100,0.9338842975206612,0.6813186813186813,"(1, 1)"
dtree,200,0.9958677685950413,0.6675824175824175,"(1, 1)"
dtree,300,0.9958677685950413,0.6923076923076923,"(1, 1)"
ridge,0.01,0.9958677685950413,0.717032967032967,"(1, 2)"
ridge,0.1,0.9958677685950413,0.7005494505494505,"(1, 2)"
ridge,1,0.9958677685950413,0.7142857142857143,"(1, 2)"
ridge,5,0.9848484848484849,0.7472527472527473,"(1, 2)"
ridge,10,0.9738292011019284,0.7527472527472527,"(1, 2)"
ridge,20,0.9331955922865014,0.7472527472527473,"(1, 2)"
knn,1,0.9951790633608816,0.3873626373626374,"(1, 2)"
knn,2,0.9269972451790633,0.7197802197802198,"(1, 2)"
knn,3,0.96900826446281,0.7115384615384616,"(1, 2)"
knn,4,0.7520661157024794,0.7252747252747253,"(1, 2)"
knn,5,0.7830578512396694,0.7197802197802198,"(1, 2)"
knn,6,0.7541322314049587,0.7252747252747253,"(1, 2)"
knn,7,0.7630853994490359,0.7252747252747253,"(1, 2)"
dtree,50,0.8739669421487604,0.7142857142857143,"(1, 2)"
dtree,100,0.9297520661157025,0.6785714285714286,"(1, 2)"
dtree,200,0.9958677685950413,0.6758241758241759,"(1, 2)"
dtree,300,0.9958677685950413,0.6675824175824175,"(1, 2)"
ridge,0.01,0.9958677685950413,0.717032967032967,"(1, 3)"
ridge,0.1,0.9958677685950413,0.7225274725274725,"(1, 3)"
ridge,1,0.9958677685950413,0.7307692307692307,"(1, 3)"
ridge,5,0.987603305785124,0.7417582417582418,"(1, 3)"
ridge,10,0.9793388429752066,0.7472527472527473,"(1, 3)"
ridge,20,0.9648760330578512,0.7445054945054945,"(1, 3)"
knn,1,0.9951790633608816,0.38461538461538464,"(1, 3)"
knn,2,0.9387052341597796,0.7197802197802198,"(1, 3)"
knn,3,0.977961432506887,0.7087912087912088,"(1, 3)"
knn,4,0.7506887052341598,0.7252747252747253,"(1, 3)"
knn,5,0.7823691460055097,0.7115384615384616,"(1, 3)"
knn,6,0.7520661157024794,0.7252747252747253,"(1, 3)"
knn,7,0.7589531680440771,0.7197802197802198,"(1, 3)"
dtree,50,0.8601928374655647,0.717032967032967,"(1, 3)"
dtree,100,0.931129476584022,0.6703296703296703,"(1, 3)"
dtree,200,0.9958677685950413,0.6785714285714286,"(1, 3)"
dtree,300,0.9958677685950413,0.6648351648351648,"(1, 3)"
ridge,0.01,0.9924242424242424,0.7252747252747253,"(2, 2)"
ridge,0.1,0.9924242424242424,0.7252747252747253,"(2, 2)"
ridge,1,0.9924242424242424,0.7335164835164835,"(2, 2)"
ridge,5,0.977961432506887,0.7335164835164835,"(2, 2)"
ridge,10,0.9338842975206612,0.728021978021978,"(2, 2)"
ridge,20,0.8250688705234159,0.7252747252747253,"(2, 2)"
knn,1,0.9793388429752066,0.29945054945054944,"(2, 2)"
knn,2,0.9848484848484849,0.7225274725274725,"(2, 2)"
knn,3,0.987603305785124,0.7197802197802198,"(2, 2)"
knn,4,0.7658402203856749,0.7142857142857143,"(2, 2)"
knn,5,0.772038567493113,0.7142857142857143,"(2, 2)"
knn,6,0.7506887052341598,0.7252747252747253,"(2, 2)"
knn,7,0.7603305785123967,0.728021978021978,"(2, 2)"
dtree,50,0.8250688705234159,0.7115384615384616,"(2, 2)"
dtree,100,0.859504132231405,0.7115384615384616,"(2, 2)"
dtree,200,0.9297520661157025,0.7060439560439561,"(2, 2)"
dtree,300,0.9924242424242424,0.7060439560439561,"(2, 2)"
ridge,0.01,0.9924242424242424,0.728021978021978,"(2, 3)"
ridge,0.1,0.9924242424242424,0.728021978021978,"(2, 3)"
ridge,1,0.9924242424242424,0.7307692307692307,"(2, 3)"
ridge,5,0.9848484848484849,0.728021978021978,"(2, 3)"
ridge,10,0.9710743801652892,0.7252747252747253,"(2, 3)"
ridge,20,0.9318181818181818,0.7252747252747253,"(2, 3)"
knn,1,0.9793388429752066,0.29120879120879123,"(2, 3)"
knn,2,0.9862258953168044,0.7225274725274725,"(2, 3)"
knn,3,0.9889807162534435,0.7197802197802198,"(2, 3)"
knn,4,0.7610192837465565,0.7225274725274725,"(2, 3)"
knn,5,0.7644628099173554,0.717032967032967,"(2, 3)"
knn,6,0.7493112947658402,0.7252747252747253,"(2, 3)"
knn,7,0.756198347107438,0.7252747252747253,"(2, 3)"
dtree,50,0.8250688705234159,0.7115384615384616,"(2, 3)"
dtree,100,0.8601928374655647,0.7225274725274725,"(2, 3)"
dtree,200,0.928374655647383,0.7032967032967034,"(2, 3)"
dtree,300,0.9924242424242424,0.717032967032967,"(2, 3)"
ridge,0.01,0.9862258953168044,0.7252747252747253,"(3, 3)"
ridge,0.1,0.9862258953168044,0.7252747252747253,"(3, 3)"
ridge,1,0.9862258953168044,0.728021978021978,"(3, 3)"
ridge,5,0.9696969696969697,0.7252747252747253,"(3, 3)"
ridge,10,0.9139118457300276,0.7252747252747253,"(3, 3)"
ridge,20,0.8016528925619835,0.7252747252747253,"(3, 3)"
knn,1,0.9435261707988981,0.28296703296703296,"(3, 3)"
knn,2,0.9393939393939394,0.28296703296703296,"(3, 3)"
knn,3,0.2706611570247934,0.27472527472527475,"(3, 3)"
knn,4,0.7513774104683195,0.7252747252747253,"(3, 3)"
knn,5,0.7527548209366391,0.7252747252747253,"(3, 3)"
knn,6,0.7465564738292011,0.7252747252747253,"(3, 3)"
knn,7,0.7465564738292011,0.7252747252747253,"(3, 3)"
dtree,50,0.7920110192837465,0.728021978021978,"(3, 3)"
dtree,100,0.8264462809917356,0.7225274725274725,"(3, 3)"
dtree,200,0.8953168044077136,0.7252747252747253,"(3, 3)"
dtree,300,0.9641873278236914,0.728021978021978,"(3, 3)"
